Workbook

Sheet Dashboard
B2: COMPLIANCE & OPERATIONS TRACKER
B3: Central dashboard - all counts auto-update from the sheets below.
B4: Generated: 20-Jul-2026 | Timezone note: 'Days to Expiry' uses TODAY()
B6: Section | C6: Total Records | D6: Expiring in 30 days
B7: Brand Names | C7: =COUNTA('Brand Names'!B2:B1000) | D7: -
B8: Agreements | C8: =COUNTA(Agreements!B2:B1000) | D8: =COUNTIFS(Agreements!G2:G1000,">=0",Agreements!G2:G1000,"<=30")
B9: FSSAI Licenses | C9: =COUNTA(FSSAI!B2:B1000) | D9: =COUNTIFS(FSSAI!G2:G1000,">=0",FSSAI!G2:G1000,"<=30")
B10: Employees | C10: =COUNTA('Employee List'!A2:A1000) | D10: -
B11: Medical Certificates | C11: =COUNTA(Medicals!C2:C1000) | D11: =COUNTIFS(Medicals!G2:G1000,">=0",Medicals!G2:G1000,"<=30")
B12: Police Verification | C12: =COUNTA('Police Verification'!C2:C1000) | D12: =COUNTIFS('Police Verification'!H2:H1000,">=0",'Police Verification'!H2:H1000,"<=30")
B13: Storage Handover | C13: =COUNTA('Storage Handover'!C2:C1000) | D13: -
B16: Colour Legend (Days to Expiry columns):
B17: Expired (<= 0 days)
B18: Expiring within 30 days
B19: Valid (> 30 days)
B21: How to use:
B22: 1. Fill each sheet using the tabs at the bottom. Status columns have dropdowns.
B23: 2. 'Days to Expiry' is auto-calculated - do not type in those cells.
B24: 3. To add a new tracking area, right-click a tab > Move or Copy, then rename.
B25: 4. Rows are pre-formatted for ~40 entries; copy a row down to extend.

Sheet Brand Names
A1: S.No | B1: Brand Name | C1: Category | D1: Owner / Company | E1: Trademark / Reg No | F1: Registration Date | G1: Status | H1: Remarks
A2: 1 | B2: JS Concepts & Solutions Pvt Ltd | C2: Food & Beverage | D2: JS Concepts & Solutions Private Limited | E2: FSSAI: 22726442000324 | F2: 46151 | G2: Active | H2: Outlet 1 - Bennett University, TechZone II, Greater Noida, UP - 201310
A3: 2 | B3: Parma Food & Beverage | C3: Food & Beverage | D3: Jatin Jhawar | E3: FSSAI: 22726442000472 | F3: 46218 | G3: Active | H3: Outlet 2 - Bennett University, TechZone 2, Greater Noida, UP - 201310

Sheet Agreements
A1: S.No | B1: Brand / Outlet | C1: Agreement Type | D1: Party Name | E1: Start Date | F1: Expiry Date | G1: Days to Expiry | H1: Status | I1: Document Link | J1: Remarks
A2: 1 | B2: Sample Brand A | C2: Franchise | D2: XYZ Franchisee | E2: 46023 | F2: 46388 | G2: =IF(F2="","",F2-TODAY()) | H2: Active | J2: 3-year term
A3: 2 | B3: Outlet - MG Road | C3: Rent / Lease | D3: Property Owner | E3: 45873 | F3: 46238 | G3: =IF(F3="","",F3-TODAY()) | H3: Active | J3: Renewal due
G4: =IF(F4="","",F4-TODAY())
G5: =IF(F5="","",F5-TODAY())
G6: =IF(F6="","",F6-TODAY())
G7: =IF(F7="","",F7-TODAY())
G8: =IF(F8="","",F8-TODAY())
G9: =IF(F9="","",F9-TODAY())
G10: =IF(F10="","",F10-TODAY())
G11: =IF(F11="","",F11-TODAY())
G12: =IF(F12="","",F12-TODAY())
G13: =IF(F13="","",F13-TODAY())
G14: =IF(F14="","",F14-TODAY())
G15: =IF(F15="","",F15-TODAY())
... G43: =IF(F43="","",F43-TODAY())

Sheet FSSAI
A1: S.No | B1: Brand / Outlet | C1: FSSAI License No | D1: License Type | E1: Issue Date | F1: Expiry Date | G1: Days to Expiry | H1: Status | I1: Remarks
A2: 1 | B2: JS Concepts & Solutions Pvt Ltd | C2: 22726442000324 | D2: Basic | E2: 46151 | F2: 46515 | G2: =IF(F2="","",F2-TODAY()) | H2: Active | I2: Bennett University, TechZone II, Greater Noida. KOB: Petty Retailer snacks/tea. Tatkal reg. Renew annual fee before expiry.
A3: 2 | B3: Parma Food & Beverage (Jatin Jhawar) | C3: 22726442000472 | D3: Basic | E3: 46218 | F3: 46582 | G3: =IF(F3="","",F3-TODAY()) | H3: Active | I3: Bennett University, TechZone 2, Greater Noida. KOB: Food Vending Agencies. Tatkal reg. Renew annual fee before expiry.
G4: =IF(F4="","",F4-TODAY())
G5: =IF(F5="","",F5-TODAY())
G6: =IF(F6="","",F6-TODAY())
G7: =IF(F7="","",F7-TODAY())
G8: =IF(F8="","",F8-TODAY())
G9: =IF(F9="","",F9-TODAY())
G10: =IF(F10="","",F10-TODAY())
G11: =IF(F11="","",F11-TODAY())
G12: =IF(F12="","",F12-TODAY())
G13: =IF(F13="","",F13-TODAY())
G14: =IF(F14="","",F14-TODAY())
G15: =IF(F15="","",F15-TODAY())
... G43: =IF(F43="","",F43-TODAY())

Sheet Employee List
A1: Emp ID | B1: Employee Name | C1: Designation | D1: Department / Outlet | E1: Contact No | F1: Aadhaar No | G1: Address | H1: Date of Joining | I1: Status | J1: Remarks
A2: EMP001 | B2: Rahul Sharma | C2: Cook | D2: Outlet - MG Road | E2: 9876543210 | F2: XXXX-XXXX-1234 | G2: Bengaluru | H2: 46043 | I2: Active
A3: EMP002 | B3: Anita Verma | C3: Manager | D3: Outlet - MG Road | E3: 9876500000 | F3: XXXX-XXXX-5678 | G3: Bengaluru | H3: 46133 | I3: Active
A4: EMP003 | B4: Aneesh Kumar | E4: 6306177706

Sheet Medicals
A1: S.No | B1: Emp ID | C1: Employee Name | D1: Test Date | E1: Fitness Certificate No | F1: Expiry Date | G1: Days to Expiry | H1: Status | I1: Remarks
A2: 1 | B2: EMP001 | C2: Rahul Sharma | D2: 46123 | E2: MED-2025-001 | F2: 46488 | G2: =IF(F2="","",F2-TODAY()) | H2: Valid
A3: 2 | B3: EMP002 | C3: Anita Verma | D3: 45863 | E3: MED-2024-045 | F3: 46228 | G3: =IF(F3="","",F3-TODAY()) | H3: Valid | I3: Renew soon
G4: =IF(F4="","",F4-TODAY())
G5: =IF(F5="","",F5-TODAY())
G6: =IF(F6="","",F6-TODAY())
G7: =IF(F7="","",F7-TODAY())
G8: =IF(F8="","",F8-TODAY())
G9: =IF(F9="","",F9-TODAY())
G10: =IF(F10="","",F10-TODAY())
G11: =IF(F11="","",F11-TODAY())
G12: =IF(F12="","",F12-TODAY())
G13: =IF(F13="","",F13-TODAY())
G14: =IF(F14="","",F14-TODAY())
G15: =IF(F15="","",F15-TODAY())
... G43: =IF(F43="","",F43-TODAY())

Sheet Police Verification
A1: S.No | B1: Emp ID | C1: Employee Name | D1: Verification Date | E1: PV Certificate No | F1: Verified By / Station | G1: Valid Till | H1: Days to Expiry | I1: Status | J1: Remarks
A2: 1 | B2: EMP001 | C2: Rahul Sharma | D2: 46073 | E2: PV-2025-011 | F2: MG Road PS | G2: 46803 | H2: =IF(G2="","",G2-TODAY()) | I2: Verified
A3: 2 | B3: EMP002 | C3: Anita Verma | D3: 46203 | E3: PV-2025-050 | F3: MG Road PS | G3: 46933 | H3: =IF(G3="","",G3-TODAY()) | I3: Verified
H4: =IF(G4="","",G4-TODAY())
H5: =IF(G5="","",G5-TODAY())
H6: =IF(G6="","",G6-TODAY())
H7: =IF(G7="","",G7-TODAY())
H8: =IF(G8="","",G8-TODAY())
H9: =IF(G9="","",G9-TODAY())
H10: =IF(G10="","",G10-TODAY())
H11: =IF(G11="","",G11-TODAY())
H12: =IF(G12="","",G12-TODAY())
H13: =IF(G13="","",G13-TODAY())
H14: =IF(G14="","",G14-TODAY())
H15: =IF(G15="","",G15-TODAY())
... H43: =IF(G43="","",G43-TODAY())

Sheet Storage Handover
A1: S.No | B1: Outlet / Location | C1: Item / Asset | D1: Handed Over To | E1: Emp ID | F1: Handover Date | G1: Return Date | H1: Condition | I1: Status | J1: Remarks
A2: 1 | B2: Outlet - MG Road | C2: Refrigerator | D2: Rahul Sharma | E2: EMP001 | F2: 46163 | H2: Good | I2: Handed Over
A3: 2 | B3: Outlet - MG Road | C3: Storage Keys | D3: Anita Verma | E3: EMP002 | F3: 46133 | H3: Good | I3: Handed Over
